Country/Region,0-9 years,10-19 years,20-49 years,50-69 years,70-89 years,90 years and older,source
Germany,0.020547945,0.044690956,0.433018536,0.31210009,0.161013875,0.028628598,Robert Koch-Institut
