Country/Region,0-4 years,5-14 years,15-24 years,25-34 years,35-44 years,45-54 years,55-64 years,65-74 years,75-84 years,85 years and older,source
Slovenia,0.006093433,0.019634394,0.070412999,0.139471903,0.137440758,0.165876777,0.148273527,0.089370345,0.107650643,0.11577522,Nacionalni inštitut za javno zdravje
